product_id,product_name,category,stockout_date,days_until_restocked
2332,01.03.05,UNDERWARE,2019-12-30,0
2889,01.01.23,UNDERWARE,2019-12-30,0
5907,01.01.25,UNDERWARE,2019-12-30,0
6640,01.71.01,UNDERWARE,2019-12-30,0
11233,01.19.113,MODA PRAIA,2019-12-30,0
11305,01.39.5,UNDERWARE,2019-12-30,0
11858,01.21.35,MODA PRAIA,2019-12-30,0
12350,01.19.62,MODA PRAIA,2019-12-30,0
12531,07.02.05,MODA PRAIA,2019-12-30,0
16089,C955,MODA PRAIA,2019-12-30,0
16739,C1941,VESTUARIO,2019-12-30,0
16809,C1420,UNDERWARE,2019-12-30,0
17113,C2167,VESTUARIO,2019-12-30,0
17187,C859,VESTUARIO,2019-12-30,0
17619,C686,VESTUARIO,2019-12-30,0
18227,C2173,VESTUARIO,2019-12-30,0
18254,C2177,VESTUARIO,2019-12-30,0
18269,C2366,VESTUARIO,2019-12-30,0
18822,C1636,VESTUARIO,2019-12-30,0
18850,C1127,VESTUARIO,2019-12-30,0
19017,C1954,VESTUARIO,2019-12-30,0
19100,C1384,VESTUARIO,2019-12-30,0
19147,C1139,VESTUARIO,2019-12-30,0
19186,C1721,VESTUARIO,2019-12-30,0
19348,C2180,LINHA NOITE,2019-12-30,0
20148,01.18.131,MODA PRAIA,2019-12-30,0
20570,C1320,UNDERWARE,2019-12-30,0
20716,C1378,VESTUARIO,2019-12-30,0
20945,C1692,VESTUARIO,2019-12-30,0
22046,C1260,UNDERWARE,2019-12-30,0
22274,C2262,VESTUARIO,2019-12-30,0
22321,C1309,EROTICA,2019-12-30,0
22527,C1749,LINHA NOITE,2019-12-30,0
22537,C1753,LINHA NOITE,2019-12-30,0
22597,C1852,VESTUARIO,2019-12-30,0
23179,C1399,VESTUARIO,2019-12-30,0
23180,C1399,VESTUARIO,2019-12-30,0
23462,C1189,VESTUARIO,2019-12-30,0
23906,C783,LINHA NOITE,2019-12-30,0
27913,C543,UNDERWARE,2019-12-30,0
28050,C1677,LINHA NOITE,2019-12-30,0
29377,C854,VESTUARIO,2019-12-30,0
30180,01.02.78,UNDERWARE,2019-12-30,0
30227,01.03.13,UNDERWARE,2019-12-30,0
30366,C1142,VESTUARIO,2019-12-30,0
31059,C370,UNDERWARE,2019-12-30,0
31173,C1994,MODA PRAIA,2019-12-30,0
31335,C848,VESTUARIO,2019-12-30,0
31960,C2222,VESTUARIO,2019-12-30,0
32796,C2027,UNDERWARE,2019-12-30,0
33239,C2199,VESTUARIO,2019-12-30,0
33312,C2209,VESTUARIO,2019-12-30,0
33571,C2347,VESTUARIO,2019-12-30,0
33612,C2381,VESTUARIO,2019-12-30,0
33802,C2432,VESTUARIO,2019-12-30,0
33904,C2434,VESTUARIO,2019-12-30,0
5922,01.02.03,UNDERWARE,2019-12-30,0
6008,01.01.11,UNDERWARE,2019-12-30,0
10129,01.29.31,UNDERWARE,2019-12-30,0
11246,01.70.53,UNDERWARE,2019-12-30,0
11804,01.59.50,UNDERWARE,2019-12-30,0
11846,01.19.72,MODA PRAIA,2019-12-30,0
12945,01.70.58,UNDERWARE,2019-12-30,0
14345,01.02.83,UNDERWARE,2019-12-30,0
15061,C1804,UNDERWARE,2019-12-30,0
15126,C1777,VESTUARIO,2019-12-30,0
16299,C840,UNDERWARE,2019-12-30,0
16438,C199,UNDERWARE,2019-12-30,0
17178,C859,VESTUARIO,2019-12-30,0
17199,C860,VESTUARIO,2019-12-30,0
17346,C676,VESTUARIO,2019-12-30,0
17544,C978,VESTUARIO,2019-12-30,0
18125,C1380,VESTUARIO,2019-12-30,0
18835,C1127,VESTUARIO,2019-12-30,0
18974,C1951,VESTUARIO,2019-12-30,0
19032,01.18.105,MODA PRAIA,2019-12-30,0
20525,01.19.72,MODA PRAIA,2019-12-30,0
20546,C1258,UNDERWARE,2019-12-30,0
21776,C888,EROTICA,2019-12-30,0
22252,C1866,UNDERWARE,2019-12-30,0
23118,C1359,VESTUARIO,2019-12-30,0
23423,C505,UNDERWARE,2019-12-30,0
23490,C921,VESTUARIO,2019-12-30,0
25685,C414,VESTUARIO,2019-12-30,0
26312,01.01.84,UNDERWARE,2019-12-30,0
26343,01.19.60,MODA PRAIA,2019-12-30,0
28060,C1877,UNDERWARE,2019-12-30,0
28653,C1761,VESTUARIO,2019-12-30,0
28815,01.16.145,VESTUARIO,2019-12-30,0
29004,C1307,VESTUARIO,2019-12-30,0
29063,C1769,UNDERWARE,2019-12-30,0
29069,C1770,UNDERWARE,2019-12-30,0
31529,C476,VESTUARIO,2019-12-30,0
32183,C1981,UNDERWARE,2019-12-30,0
32272,C2231,UNDERWARE,2019-12-30,0
32320,01.01.16,UNDERWARE,2019-12-30,0
33195,C2192,VESTUARIO,2019-12-30,0
34131,C2267,VESTUARIO,2019-12-30,0
34446,C1974,VESTUARIO,2019-12-30,0
34969,C120,FITNESS,2019-12-30,0
35053,C210,MODA PRAIA,2019-12-30,0
35133,C749,LINHA NOITE,2019-12-30,0
52,01.04.03,UNDERWARE,2019-12-30,0
1592,01.02.75,UNDERWARE,2019-12-30,0
6089,01.01.23,UNDERWARE,2019-12-30,0
6704,02.02.25,UNDERWARE,2019-12-30,0
7991,C71,VESTUARIO,2019-12-30,0
8964,01.01.02,UNDERWARE,2019-12-30,0
9141,01.01.20,UNDERWARE,2019-12-30,0
11459,01.24.36,MODA PRAIA,2019-12-30,0
11649,01.19.111,MODA PRAIA,2019-12-30,0
11782,01.70.61,UNDERWARE,2019-12-30,0
11832,01.19.110,MODA PRAIA,2019-12-30,0
12253,01.18.131,MODA PRAIA,2019-12-30,0
13270,01.59.49,UNDERWARE,2019-12-30,0
13272,01.59.50,UNDERWARE,2019-12-30,0
14011,C183,MODA PRAIA,2019-12-30,0
14524,01.70.91,UNDERWARE,2019-12-30,0
15134,C1779,VESTUARIO,2019-12-30,0
15754,C764,VESTUARIO,2019-12-30,0
16103,01.18.127,MODA PRAIA,2019-12-30,0
16362,C2354,VESTUARIO,2019-12-30,0
16774,C1944,VESTUARIO,2019-12-30,0
16969,C1646,UNDERWARE,2019-12-30,0
16997,01.19.120,MODA PRAIA,2019-12-30,0
17013,C1418,UNDERWARE,2019-12-30,0
18364,01.21.35,MODA PRAIA,2019-12-30,0
18474,C1207,UNDERWARE,2019-12-30,0
19317,C2120,VESTUARIO,2019-12-30,0
19362,C2456,VESTUARIO,2019-12-30,0
20342,C1251,VESTUARIO,2019-12-30,0
20363,C1253,VESTUARIO,2019-12-30,0
20428,C2415,VESTUARIO,2019-12-30,0
20473,C1957,VESTUARIO,2019-12-30,0
20504,C1028,MODA PRAIA,2019-12-30,0
20524,01.19.101,MODA PRAIA,2019-12-30,0
21314,C2395,VESTUARIO,2019-12-30,0
21321,01.18.128,MODA PRAIA,2019-12-30,0
22288,C2263,VESTUARIO,2019-12-30,0
22389,C1201,UNDERWARE,2019-12-30,0
22565,C1821,VESTUARIO,2019-12-30,0
22887,C2238,VESTUARIO,2019-12-30,0
23084,C1837,VESTUARIO,2019-12-30,0
24762,C1869,VESTUARIO,2019-12-30,0
25102,C1115,LINHA NOITE,2019-12-30,0
26053,C1723,VESTUARIO,2019-12-30,0
26309,01.01.84,UNDERWARE,2019-12-30,0
26350,C1773,VESTUARIO,2019-12-30,0
27789,C341,LINHA NOITE,2019-12-30,0
27847,C158,MODA PRAIA,2019-12-30,0
28047,C1677,LINHA NOITE,2019-12-30,0
28322,01.18.128,MODA PRAIA,2019-12-30,0
28459,01.19.60,MODA PRAIA,2019-12-30,0
28607,C1704,VESTUARIO,2019-12-30,0
29505,C578,VESTUARIO,2019-12-30,0
29665,C606,VESTUARIO,2019-12-30,0
30090,C1446,VESTUARIO,2019-12-30,0
31579,C953,MODA PRAIA,2019-12-30,0
33227,C2197,VESTUARIO,2019-12-30,0
33597,C2351,VESTUARIO,2019-12-30,0
33810,C2433,VESTUARIO,2019-12-30,0
34017,C2302,UNDERWARE,2019-12-30,0
34762,C1690,LINHA NOITE,2019-12-30,0
168,01.02.22,UNDERWARE,2019-12-30,0
418,01.02.16,UNDERWARE,2019-12-30,0
3969,C8,VESTUARIO,2019-12-30,0
6720,01.04.13,UNDERWARE,2019-12-30,0
6775,01.70.08,UNDERWARE,2019-12-30,0
8755,01.59.15,UNDERWARE,2019-12-30,0
8772,01.59.17,UNDERWARE,2019-12-30,0
8966,01.01.03,UNDERWARE,2019-12-30,0
9413,01.71.02,UNDERWARE,2019-12-30,0
12293,01.70.82,UNDERWARE,2019-12-30,0
12956,01.46.9,LINHA NOITE,2019-12-30,0
15016,C1920,VESTUARIO,2019-12-30,0
16331,C2116,MODA PRAIA,2019-12-30,0
17103,C2166,VESTUARIO,2019-12-30,0
17144,C2172,VESTUARIO,2019-12-30,0
18236,C2175,VESTUARIO,2019-12-30,0
18268,C2235,UNDERWARE,2019-12-30,0
18708,C1846,VESTUARIO,2019-12-30,0
20518,C167,MODA PRAIA,2019-12-30,0
20576,C1321,UNDERWARE,2019-12-30,0
20658,C1353,VESTUARIO,2019-12-30,0
20688,C1274,FITNESS,2019-12-30,0
21874,C1030,MODA PRAIA,2019-12-30,0
22350,01.19.110,MODA PRAIA,2019-12-30,0
22719,C1203,UNDERWARE,2019-12-30,0
23115,C1359,VESTUARIO,2019-12-30,0
24385,C1630,VESTUARIO,2019-12-30,0
26006,C1718,VESTUARIO,2019-12-30,0
26114,01.18.135,MODA PRAIA,2019-12-30,0
26305,01.01.84,UNDERWARE,2019-12-30,0
26434,C1836,VESTUARIO,2019-12-30,0
26493,01.59.59,UNDERWARE,2019-12-30,0
28011,02.02.47,UNDERWARE,2019-12-30,0
28024,01.71.14,UNDERWARE,2019-12-30,0
29057,C1678,LINHA NOITE,2019-12-30,0
30065,C1442,VESTUARIO,2019-12-30,0
30104,C1448,VESTUARIO,2019-12-30,0
30569,01.60.06,UNDERWARE,2019-12-30,0
30908,01.02.78,UNDERWARE,2019-12-30,0
31053,C369,UNDERWARE,2019-12-30,0
31954,C2220,VESTUARIO,2019-12-30,0
31968,C2427,VESTUARIO,2019-12-30,0
32321,01.01.16,UNDERWARE,2019-12-30,0
33216,C2194,VESTUARIO,2019-12-30,0
33262,C2203,VESTUARIO,2019-12-30,0
34963,C56,FITNESS,2019-12-30,0
35157,C982,LINHA NOITE,2019-12-30,0
35245,C874,VESTUARIO,2019-12-30,0
557,02.02.29,UNDERWARE,2019-12-30,0
2067,01.04.22,UNDERWARE,2019-12-30,0
3253,01.07.24,UNDERWARE,2019-12-30,0
5662,07.03.09,UNDERWARE,2019-12-30,0
7478,02.02.48,UNDERWARE,2019-12-30,0
8965,01.01.03,UNDERWARE,2019-12-30,0
10188,01.59.46,EROTICA,2019-12-30,0
10390,01.01.100,UNDERWARE,2019-12-30,0
11075,01.70.48,UNDERWARE,2019-12-30,0
11550,01.70.40,UNDERWARE,2019-12-30,0
11839,01.19.72,MODA PRAIA,2019-12-30,0
12368,01.15.87,VESTUARIO,2019-12-30,0
13874,C156,MODA PRAIA,2019-12-30,0
14855,C1048,VESTUARIO,2019-12-30,0
15012,C2123,VESTUARIO,2019-12-30,0
15123,C1777,VESTUARIO,2019-12-30,0
15131,C1778,VESTUARIO,2019-12-30,0
15765,C762,VESTUARIO,2019-12-30,0
16796,C1840,VESTUARIO,2019-12-30,0
19031,01.18.105,MODA PRAIA,2019-12-30,0
19487,C699,VESTUARIO,2019-12-30,0
19894,C243,MODA PRAIA,2019-12-30,0
20112,C190,MODA PRAIA,2019-12-30,0
20173,C1024,MODA PRAIA,2019-12-30,0
20331,C1218,LINHA NOITE,2019-12-30,0
20348,C1251,VESTUARIO,2019-12-30,0
20372,C1254,VESTUARIO,2019-12-30,0
21400,C1286,VESTUARIO,2019-12-30,0
21803,C1019,MODA PRAIA,2019-12-30,0
22292,C2264,VESTUARIO,2019-12-30,0
22306,C1296,VESTUARIO,2019-12-30,0
22546,C1755,LINHA NOITE,2019-12-30,0
23080,C1773,VESTUARIO,2019-12-30,0
24366,C1626,VESTUARIO,2019-12-30,0
24461,C1679,LINHA NOITE,2019-12-30,0
24462,C1679,LINHA NOITE,2019-12-30,0
24825,C1190,VESTUARIO,2019-12-30,0
26306,01.01.84,UNDERWARE,2019-12-30,0
26318,C455,UNDERWARE,2019-12-30,0
26871,01.01.04,UNDERWARE,2019-12-30,0
28336,C1811,MODA PRAIA,2019-12-30,0
28583,C1703,VESTUARIO,2019-12-30,0
28704,02.02.39,UNDERWARE,2019-12-30,0
29383,C855,VESTUARIO,2019-12-30,0
30012,C1342,VESTUARIO,2019-12-30,0
30468,C199,UNDERWARE,2019-12-30,0
30553,01.03.14,UNDERWARE,2019-12-30,0
30557,01.03.15,UNDERWARE,2019-12-30,0
32225,C2428,VESTUARIO,2019-12-30,0
32307,C2233,UNDERWARE,2019-12-30,0
33577,C2348,VESTUARIO,2019-12-30,0
34205,C2004,LINHA NOITE,2019-12-30,0
35032,C203,MODA PRAIA,2019-12-30,0
506,01.13.13,LINHA NOITE,2019-12-30,0
864,02.02.04,UNDERWARE,2019-12-30,0
4371,01.06.02,UNDERWARE,2019-12-30,0
4886,02.02.36,UNDERWARE,2019-12-30,0
6321,01.02.78,UNDERWARE,2019-12-30,0
6354,01.59.13,UNDERWARE,2019-12-30,0
6727,01.01.80,UNDERWARE,2019-12-30,0
8118,01.18.104,MODA PRAIA,2019-12-30,0
10180,01.59.45,EROTICA,2019-12-30,0
11089,01.70.64,UNDERWARE,2019-12-30,0
11986,C149,VESTUARIO,2019-12-30,0
13400,01.16.102,UNDERWARE,2019-12-30,0
15004,C2124,VESTUARIO,2019-12-30,0
15019,C2127,VESTUARIO,2019-12-30,0
15871,C810,VESTUARIO,2019-12-30,0
16702,C1939,VESTUARIO,2019-12-30,0
16877,C1362,VESTUARIO,2019-12-30,0
17181,C859,VESTUARIO,2019-12-30,0
17511,C870,VESTUARIO,2019-12-30,0
17807,C656,VESTUARIO,2019-12-30,0
18058,C195,MODA PRAIA,2019-12-30,0
18358,C161,MODA PRAIA,2019-12-30,0
18387,C1265,VESTUARIO,2019-12-30,0
18499,C1123,VESTUARIO,2019-12-30,0
18971,C1950,VESTUARIO,2019-12-30,0
20446,C2420,VESTUARIO,2019-12-30,0
20477,C1958,VESTUARIO,2019-12-30,0
20517,C167,MODA PRAIA,2019-12-30,0
20818,C2446,VESTUARIO,2019-12-30,0
20983,C1866,UNDERWARE,2019-12-30,0
21074,C1924,FITNESS,2019-12-30,0
21411,C1279,VESTUARIO,2019-12-30,0
21886,C828,LINHA NOITE,2019-12-30,0
21953,C56,FITNESS,2019-12-30,0
22560,C1821,VESTUARIO,2019-12-30,0
22714,C1203,UNDERWARE,2019-12-30,0
22894,C2238,VESTUARIO,2019-12-30,0
23287,01.45.63,VESTUARIO,2019-12-30,0
24284,01.01.23,UNDERWARE,2019-12-30,0
26333,C452,UNDERWARE,2019-12-30,0
26703,C1714,VESTUARIO,2019-12-30,0
29153,C1709,VESTUARIO,2019-12-30,0
29398,C857,VESTUARIO,2019-12-30,0
33191,C2191,VESTUARIO,2019-12-30,0
34971,C120,FITNESS,2019-12-30,0
249,01.47.31,VESTUARIO,2019-12-30,0
830,01.06.04,UNDERWARE,2019-12-30,0
3757,07.04.06,UNDERWARE,2019-12-30,0
4874,02.02.29,UNDERWARE,2019-12-30,0
6706,02.02.45,UNDERWARE,2019-12-30,0
7472,02.02.48,UNDERWARE,2019-12-30,0
8232,01.20.53,MODA PRAIA,2019-12-30,0
14997,C2122,VESTUARIO,2019-12-30,0
15730,C941,VESTUARIO,2019-12-30,0
15747,C759,VESTUARIO,2019-12-30,0
16642,01.02.22,UNDERWARE,2019-12-30,0
16768,C1944,VESTUARIO,2019-12-30,0
17011,C950,MODA PRAIA,2019-12-30,0
17208,C861,VESTUARIO,2019-12-30,0
18242,C2174,VESTUARIO,2019-12-30,0
19172,C1412,VESTUARIO,2019-12-30,0
19227,C1891,VESTUARIO,2019-12-30,0
19641,C1041,VESTUARIO,2019-12-30,0
19674,C693,VESTUARIO,2019-12-30,0
19765,C1043,VESTUARIO,2019-12-30,0
20238,C1317,UNDERWARE,2019-12-30,0
20392,C2468,VESTUARIO,2019-12-30,0
20811,C2445,VESTUARIO,2019-12-30,0
20993,C1430,UNDERWARE,2019-12-30,0
21003,C1867,UNDERWARE,2019-12-30,0
21081,C1924,FITNESS,2019-12-30,0
22392,C1201,UNDERWARE,2019-12-30,0
22550,C1756,LINHA NOITE,2019-12-30,0
24426,C1655,VESTUARIO,2019-12-30,0
24475,C1682,LINHA NOITE,2019-12-30,0
25863,C44,FITNESS,2019-12-30,0
26115,01.18.135,MODA PRAIA,2019-12-30,0
26116,01.18.135,MODA PRAIA,2019-12-30,0
26630,01.59.62,UNDERWARE,2019-12-30,0
27074,C1166,LINHA NOITE,2019-12-30,0
27432,C968,VESTUARIO,2019-12-30,0
27861,C358,LINHA NOITE,2019-12-30,0
30029,C1436,VESTUARIO,2019-12-30,0
30360,C1141,VESTUARIO,2019-12-30,0
31071,C1979,VESTUARIO,2019-12-30,0
31147,C1989,MODA PRAIA,2019-12-30,0
31149,C1989,MODA PRAIA,2019-12-30,0
31732,C1831,VESTUARIO,2019-12-30,0
32819,C2029,UNDERWARE,2019-12-30,0
32882,C2418,VESTUARIO,2019-12-30,0
32980,C1934,LINHA NOITE,2019-12-30,0
33540,C2339,VESTUARIO,2019-12-30,0
34004,C2301,UNDERWARE,2019-12-30,0
34070,C2310,UNDERWARE,2019-12-30,0
34159,C2272,VESTUARIO,2019-12-30,0
34296,C2135,UNDERWARE,2019-12-30,0
34416,C1969,VESTUARIO,2019-12-30,0
34437,C1972,VESTUARIO,2019-12-30,0
34438,C1972,VESTUARIO,2019-12-30,0
521,01.04.15,UNDERWARE,2019-12-30,0
1068,01.01.13,UNDERWARE,2019-12-30,0
2061,01.04.21,UNDERWARE,2019-12-30,0
6131,02.02.07,UNDERWARE,2019-12-30,0
9068,07.04.07,UNDERWARE,2019-12-30,0
10391,01.01.100,UNDERWARE,2019-12-30,0
11073,01.70.48,UNDERWARE,2019-12-30,0
11092,01.70.65,UNDERWARE,2019-12-30,0
11189,01.18.119,MODA PRAIA,2019-12-30,0
12944,01.70.56,UNDERWARE,2019-12-30,0
13127,01.70.90,UNDERWARE,2019-12-30,0
13173,01.59.64,UNDERWARE,2019-12-30,0
14933,C1803,UNDERWARE,2019-12-30,0
15529,C191,MODA PRAIA,2019-12-30,0
15833,C632,VESTUARIO,2019-12-30,0
15854,C808,VESTUARIO,2019-12-30,0
16357,C2354,VESTUARIO,2019-12-30,0
16452,C815,UNDERWARE,2019-12-30,0
16592,C1201,UNDERWARE,2019-12-30,0
16614,C1402,VESTUARIO,2019-12-30,0
16976,C1648,UNDERWARE,2019-12-30,0
17057,C1946,VESTUARIO,2019-12-30,0
17081,C2164,VESTUARIO,2019-12-30,0
17297,C906,VESTUARIO,2019-12-30,0
18425,C1290,VESTUARIO,2019-12-30,0
18734,C1293,VESTUARIO,2019-12-30,0
18840,C1127,VESTUARIO,2019-12-30,0
18947,C1948,VESTUARIO,2019-12-30,0
19084,C1700,VESTUARIO,2019-12-30,0
19238,C1893,VESTUARIO,2019-12-30,0
19372,C2458,VESTUARIO,2019-12-30,0
19869,C885,EROTICA,2019-12-30,0
19919,C56,FITNESS,2019-12-30,0
20087,C2465,VESTUARIO,2019-12-30,0
21283,C1930,VESTUARIO,2019-12-30,0
22270,C2262,VESTUARIO,2019-12-30,0
25096,C1113,LINHA NOITE,2019-12-30,0
26055,C1745,LINHA NOITE,2019-12-30,0
27082,C1168,LINHA NOITE,2019-12-30,0
27539,C625,VESTUARIO,2019-12-30,0
27820,C959,MODA PRAIA,2019-12-30,0
27825,C960,MODA PRAIA,2019-12-30,0
28048,C1677,LINHA NOITE,2019-12-30,0
28495,01.01.52,UNDERWARE,2019-12-30,0
28496,01.01.52,UNDERWARE,2019-12-30,0
29076,C1705,VESTUARIO,2019-12-30,0
29945,01.02.22,UNDERWARE,2019-12-30,0
31751,C1834,VESTUARIO,2019-12-30,0
32271,C2231,UNDERWARE,2019-12-30,0
32294,C2233,UNDERWARE,2019-12-30,0
32840,C2132,VESTUARIO,2019-12-30,0
32851,01.02.49,UNDERWARE,2019-12-30,0
33202,C2193,VESTUARIO,2019-12-30,0
33240,C2199,VESTUARIO,2019-12-30,0
33299,C2208,VESTUARIO,2019-12-30,0
34141,C2269,VESTUARIO,2019-12-30,0
34170,C2273,VESTUARIO,2019-12-30,0
34434,C1972,VESTUARIO,2019-12-30,0
34601,C2075,BIJU / JOIAS,2019-12-30,0
35116,C734,LINHA NOITE,2019-12-30,0
575,02.02.36,UNDERWARE,2019-12-30,0
1026,01.03.06,UNDERWARE,2019-12-30,0
1701,01.06.13,UNDERWARE,2019-12-30,0
2263,01.42.5,LINHA NOITE,2019-12-30,0
4405,01.01.12,UNDERWARE,2019-12-30,0
4828,01.04.22,UNDERWARE,2019-12-30,0
5869,01.04.21,UNDERWARE,2019-12-30,0
5926,01.01.03,UNDERWARE,2019-12-30,0
6005,01.01.06,UNDERWARE,2019-12-30,0
6678,01.02.53,UNDERWARE,2019-12-30,0
8709,01.28.53,ACESSORIOS,2019-12-30,0
8905,01.70.05,UNDERWARE,2019-12-30,0
13070,01.19.112,MODA PRAIA,2019-12-30,0
13976,C179,MODA PRAIA,2019-12-30,0
14523,01.70.91,UNDERWARE,2019-12-30,0
15190,01.19.118,MODA PRAIA,2019-12-30,0
15755,C760,VESTUARIO,2019-12-30,0
16101,01.18.127,MODA PRAIA,2019-12-30,0
16578,C1204,UNDERWARE,2019-12-30,0
16710,C1939,VESTUARIO,2019-12-30,0
16875,C1359,VESTUARIO,2019-12-30,0
18054,C193,MODA PRAIA,2019-12-30,0
18220,C2172,VESTUARIO,2019-12-30,0
18468,C1206,UNDERWARE,2019-12-30,0
18686,03.06.08,MODA PRAIA,2019-12-30,0
18792,C1632,VESTUARIO,2019-12-30,0
18809,C1634,VESTUARIO,2019-12-30,0
18880,C1130,VESTUARIO,2019-12-30,0
19204,C1725,UNDERWARE,2019-12-30,0
19213,C1727,UNDERWARE,2019-12-30,0
19700,C696,VESTUARIO,2019-12-30,0
19812,C716,LINHA NOITE,2019-12-30,0
19872,C885,EROTICA,2019-12-30,0
20214,C743,LINHA NOITE,2019-12-30,0
20261,C1905,UNDERWARE,2019-12-30,0
20603,C1325,UNDERWARE,2019-12-30,0
21220,C2448,VESTUARIO,2019-12-30,0
21292,C2390,VESTUARIO,2019-12-30,0
22257,C2261,VESTUARIO,2019-12-30,0
22386,C1201,UNDERWARE,2019-12-30,0
22539,C1753,LINHA NOITE,2019-12-30,0
22727,C1204,UNDERWARE,2019-12-30,0
24411,C1652,VESTUARIO,2019-12-30,0
24463,C1679,LINHA NOITE,2019-12-30,0
25776,C362,LINHA NOITE,2019-12-30,0
25805,C546,UNDERWARE,2019-12-30,0
27123,C1640,VESTUARIO,2019-12-30,0
27427,C968,VESTUARIO,2019-12-30,0
28339,C1812,MODA PRAIA,2019-12-30,0
28571,01.44.9,VESTUARIO,2019-12-30,0
28621,C1736,LINHA NOITE,2019-12-30,0
29059,C1717,VESTUARIO,2019-12-30,0
29375,C854,VESTUARIO,2019-12-30,0
30127,C1825,VESTUARIO,2019-12-30,0
30141,C1828,VESTUARIO,2019-12-30,0
30158,C952,MODA PRAIA,2019-12-30,0
30342,C1451,VESTUARIO,2019-12-30,0
31094,C2388,VESTUARIO,2019-12-30,0
32769,C2131,VESTUARIO,2019-12-30,0
32998,C2312,VESTUARIO,2019-12-30,0
33029,C2320,VESTUARIO,2019-12-30,0
34371,C2211,VESTUARIO,2019-12-30,0
34835,C1090,VESTUARIO,2019-12-30,0
34864,C1759,LINHA NOITE,2019-12-30,0
413,01.02.16,UNDERWARE,2019-12-30,0
921,01.01.05,UNDERWARE,2019-12-30,0
1343,01.04.16,UNDERWARE,2019-12-30,0
1672,01.09.07,EROTICA,2019-12-30,0
2720,01.01.04,UNDERWARE,2019-12-30,0
6006,01.01.03,UNDERWARE,2019-12-30,0
8120,01.18.105,MODA PRAIA,2019-12-30,0
8851,01.01.03,UNDERWARE,2019-12-30,0
9140,01.01.20,UNDERWARE,2019-12-30,0
9760,01.71.01,UNDERWARE,2019-12-30,0
13980,C179,MODA PRAIA,2019-12-30,0
14043,C56,FITNESS,2019-12-30,0
14090,01.59.55,UNDERWARE,2019-12-30,0
14858,C1049,VESTUARIO,2019-12-30,0
16298,C840,UNDERWARE,2019-12-30,0
17034,C196,MODA PRAIA,2019-12-30,0
17068,C1947,VESTUARIO,2019-12-30,0
17124,C2168,VESTUARIO,2019-12-30,0
17189,C859,VESTUARIO,2019-12-30,0
18287,C2368,VESTUARIO,2019-12-30,0
18375,01.01.07,UNDERWARE,2019-12-30,0
18701,C1844,VESTUARIO,2019-12-30,0
18761,C1078,VESTUARIO,2019-12-30,0
18977,C1951,VESTUARIO,2019-12-30,0
19019,C1954,VESTUARIO,2019-12-30,0
19141,C1138,VESTUARIO,2019-12-30,0
19247,C1894,VESTUARIO,2019-12-30,0
19821,C718,LINHA NOITE,2019-12-30,0
20621,C1344,VESTUARIO,2019-12-30,0
21876,C1031,MODA PRAIA,2019-12-30,0
22523,C1749,LINHA NOITE,2019-12-30,0
24729,C1685,LINHA NOITE,2019-12-30,0
27314,01.71.02,UNDERWARE,2019-12-30,0
28608,C1704,VESTUARIO,2019-12-30,0
29038,C1879,UNDERWARE,2019-12-30,0
30010,C1342,VESTUARIO,2019-12-30,0
30049,C1439,VESTUARIO,2019-12-30,0
30694,C1792,VESTUARIO,2019-12-30,0
31072,C1979,VESTUARIO,2019-12-30,0
31738,C1831,VESTUARIO,2019-12-30,0
32192,C1982,UNDERWARE,2019-12-30,0
32807,C2028,UNDERWARE,2019-12-30,0
33526,C2337,VESTUARIO,2019-12-30,0
34376,C2211,VESTUARIO,2019-12-30,0
34391,C2214,VESTUARIO,2019-12-30,0
2424,01.16.25,UNDERWARE,2019-12-30,0
2713,01.02.13,UNDERWARE,2019-12-30,0
2778,01.19.60,MODA PRAIA,2019-12-30,0
5878,01.19.63,MODA PRAIA,2019-12-30,0
6708,02.02.45,UNDERWARE,2019-12-30,0
8308,C21,UNDERWARE,2019-12-30,0
12313,01.20.51,MODA PRAIA,2019-12-30,0
12566,01.59.15,UNDERWARE,2019-12-30,0
13966,C213,UNDERWARE,2019-12-30,0
14108,01.70.19,UNDERWARE,2019-12-30,0
14813,C1236,LINHA NOITE,2019-12-30,0
15413,C1785,VESTUARIO,2019-12-30,0
15783,C622,VESTUARIO,2019-12-30,0
15965,C214,UNDERWARE,2019-12-30,0
15997,C219,UNDERWARE,2019-12-30,0
16241,C1074,VESTUARIO,2019-12-30,0
17160,01.02.53,UNDERWARE,2019-12-30,0
17250,C864,VESTUARIO,2019-12-30,0
18048,C178,MODA PRAIA,2019-12-30,0
18148,C1382,VESTUARIO,2019-12-30,0
18176,C1385,VESTUARIO,2019-12-30,0
18380,C913,UNDERWARE,2019-12-30,0
18485,C1210,UNDERWARE,2019-12-30,0
18970,C1950,VESTUARIO,2019-12-30,0
19244,C1894,VESTUARIO,2019-12-30,0
19445,C882,VESTUARIO,2019-12-30,0
20070,C2463,VESTUARIO,2019-12-30,0
20095,C2467,VESTUARIO,2019-12-30,0
20108,C190,MODA PRAIA,2019-12-30,0
20481,C1958,VESTUARIO,2019-12-30,0
20657,C1353,VESTUARIO,2019-12-30,0
20928,C1329,UNDERWARE,2019-12-30,0
21369,C962,FITNESS,2019-12-30,0
21476,C1248,LINHA NOITE,2019-12-30,0
21779,C889,EROTICA,2019-12-30,0
22250,C1866,UNDERWARE,2019-12-30,0
22320,C1309,EROTICA,2019-12-30,0
22583,C1850,VESTUARIO,2019-12-30,0
22704,C1203,UNDERWARE,2019-12-30,0
23110,C1359,VESTUARIO,2019-12-30,0
23126,C1392,VESTUARIO,2019-12-30,0
23171,C1398,VESTUARIO,2019-12-30,0
23516,C924,VESTUARIO,2019-12-30,0
24420,C1654,VESTUARIO,2019-12-30,0
27127,C1641,LINHA NOITE,2019-12-30,0
27490,C507,VESTUARIO,2019-12-30,0
28025,C199,UNDERWARE,2019-12-30,0
30234,01.03.13,UNDERWARE,2019-12-30,0
30236,01.03.13,UNDERWARE,2019-12-30,0
30401,C1146,VESTUARIO,2019-12-30,0
32809,C2028,UNDERWARE,2019-12-30,0
33234,C2198,VESTUARIO,2019-12-30,0
33244,C2200,VESTUARIO,2019-12-30,0
33908,C2434,VESTUARIO,2019-12-30,0
34037,C2303,UNDERWARE,2019-12-30,0
34042,C2304,UNDERWARE,2019-12-30,0
34123,C2265,VESTUARIO,2019-12-30,0
34187,C2000,LINHA NOITE,2019-12-30,0
34505,C2145,LINHA NOITE,2019-12-30,0
34721,C1856,VESTUARIO,2019-12-30,0
293,01.06.08,UNDERWARE,2019-12-30,0
906,01.02.22,UNDERWARE,2019-12-30,0
2140,01.01.53,UNDERWARE,2019-12-30,0
2775,01.19.60,MODA PRAIA,2019-12-30,0
5680,01.01.25,UNDERWARE,2019-12-30,0
6019,01.01.07,UNDERWARE,2019-12-30,0
7899,01.70.18,UNDERWARE,2019-12-30,0
9952,01.70.08,UNDERWARE,2019-12-30,0
11055,01.70.56,UNDERWARE,2019-12-30,0
11257,01.18.124,MODA PRAIA,2019-12-30,0
11836,01.19.70,MODA PRAIA,2019-12-30,0
13068,01.19.120,MODA PRAIA,2019-12-30,0
13442,01.19.101,MODA PRAIA,2019-12-30,0
15035,C2010,EROTICA,2019-12-30,0
15748,C759,VESTUARIO,2019-12-30,0
16228,C1072,VESTUARIO,2019-12-30,0
16307,C842,UNDERWARE,2019-12-30,0
16583,C1203,UNDERWARE,2019-12-30,0
16958,C1644,UNDERWARE,2019-12-30,0
17479,C865,VESTUARIO,2019-12-30,0
17507,C869,VESTUARIO,2019-12-30,0
18219,C2172,VESTUARIO,2019-12-30,0
18271,C2366,VESTUARIO,2019-12-30,0
18337,C2375,VESTUARIO,2019-12-30,0
18457,C1205,UNDERWARE,2019-12-30,0
18475,C1208,UNDERWARE,2019-12-30,0
18586,C2412,VESTUARIO,2019-12-30,0
18783,C1432,LINHA NOITE,2019-12-30,0
19091,C1701,VESTUARIO,2019-12-30,0
20611,C1318,UNDERWARE,2019-12-30,0
22578,C1838,LINHA NOITE,2019-12-30,0
23000,C1075,MODA PRAIA,2019-12-30,0
23635,C937,VESTUARIO,2019-12-30,0
23897,C781,LINHA NOITE,2019-12-30,0
24421,C1654,VESTUARIO,2019-12-30,0
24563,02.02.30,UNDERWARE,2019-12-30,0
25720,C351,LINHA NOITE,2019-12-30,0
25804,C546,UNDERWARE,2019-12-30,0
26357,C1746,LINHA NOITE,2019-12-30,0
27417,C468,VESTUARIO,2019-12-30,0
28354,C670,UNDERWARE,2019-12-30,0
29810,C581,VESTUARIO,2019-12-30,0
30898,01.02.17,UNDERWARE,2019-12-30,0
31940,C2215,VESTUARIO,2019-12-30,0
32811,C2028,UNDERWARE,2019-12-30,0
33311,C2209,VESTUARIO,2019-12-30,0
33349,C2259,VESTUARIO,2019-12-30,0
33533,C2338,VESTUARIO,2019-12-30,0
34215,C2007,LINHA NOITE,2019-12-30,0
34372,C2211,VESTUARIO,2019-12-30,0
624,02.02.38,UNDERWARE,2019-12-30,0
1599,01.02.75,UNDERWARE,2019-12-30,0
4842,01.09.04,EROTICA,2019-12-30,0
5912,01.01.18,UNDERWARE,2019-12-30,0
6198,01.01.23,UNDERWARE,2019-12-30,0
6760,01.70.06,UNDERWARE,2019-12-30,0
8937,01.70.23,UNDERWARE,2019-12-30,0
11518,01.70.07,UNDERWARE,2019-12-30,0
12335,01.19.101,MODA PRAIA,2019-12-30,0
14887,C1055,VESTUARIO,2019-12-30,0
15161,C1782,VESTUARIO,2019-12-30,0
15420,C1785,VESTUARIO,2019-12-30,0
15430,C1787,VESTUARIO,2019-12-30,0
15558,C258,VESTUARIO,2019-12-30,0
15879,C810,VESTUARIO,2019-12-30,0
15970,C215,UNDERWARE,2019-12-30,0
16048,C1017,MODA PRAIA,2019-12-30,0
16954,C1643,UNDERWARE,2019-12-30,0
18043,C1004,LINHA NOITE,2019-12-30,0
18189,C1897,UNDERWARE,2019-12-30,0
18768,C1259,UNDERWARE,2019-12-30,0
18802,C1633,VESTUARIO,2019-12-30,0
18818,C1635,VESTUARIO,2019-12-30,0
19235,C1892,VESTUARIO,2019-12-30,0
19953,C1005,LINHA NOITE,2019-12-30,0
19966,C1008,LINHA NOITE,2019-12-30,0
20149,01.18.131,MODA PRAIA,2019-12-30,0
20184,C524,MODA PRAIA,2019-12-30,0
20434,C2416,VESTUARIO,2019-12-30,0
20486,C1959,VESTUARIO,2019-12-30,0
20529,01.19.72,MODA PRAIA,2019-12-30,0
20590,C1321,UNDERWARE,2019-12-30,0
20988,C1429,UNDERWARE,2019-12-30,0
21281,C2390,VESTUARIO,2019-12-30,0
23919,C990,MODA PRAIA,2019-12-30,0
26019,C1720,VESTUARIO,2019-12-30,0
26677,C1710,VESTUARIO,2019-12-30,0
28036,C1674,LINHA NOITE,2019-12-30,0
28590,C1703,VESTUARIO,2019-12-30,0
29291,C590,VESTUARIO,2019-12-30,0
30663,C480,UNDERWARE,2019-12-30,0
31962,C2222,VESTUARIO,2019-12-30,0
32887,C2419,VESTUARIO,2019-12-30,0
33238,C2199,VESTUARIO,2019-12-30,0
33492,C2303,UNDERWARE,2019-12-30,0
33524,C2337,VESTUARIO,2019-12-30,0
34040,C2304,UNDERWARE,2019-12-30,0
34408,C1967,VESTUARIO,2019-12-30,0
35089,C879,VESTUARIO,2019-12-30,0
1154,01.01.74,UNDERWARE,2019-12-30,0
3525,01.01.84,UNDERWARE,2019-12-30,0
3933,C170,VESTUARIO,2019-12-30,0
8981,01.70.17,UNDERWARE,2019-12-30,0
10169,01.59.43,EROTICA,2019-12-30,0
10510,01.02.06,UNDERWARE,2019-12-30,0
13877,C157,MODA PRAIA,2019-12-30,0
14987,C1966,VESTUARIO,2019-12-30,0
15333,C2143,VESTUARIO,2019-12-30,0
15531,C191,MODA PRAIA,2019-12-30,0
15676,C968,VESTUARIO,2019-12-30,0
16215,C159,MODA PRAIA,2019-12-30,0
16526,01.71.01,UNDERWARE,2019-12-30,0
16763,C1943,VESTUARIO,2019-12-30,0
16950,C1642,UNDERWARE,2019-12-30,0
17284,C906,VESTUARIO,2019-12-30,0
17856,C659,VESTUARIO,2019-12-30,0
18469,C1207,UNDERWARE,2019-12-30,0
20191,C1414,VESTUARIO,2019-12-30,0
20211,C743,LINHA NOITE,2019-12-30,0
20599,C1324,UNDERWARE,2019-12-30,0
20700,C1278,VESTUARIO,2019-12-30,0
20730,C1658,VESTUARIO,2019-12-30,0
20781,C1922,VESTUARIO,2019-12-30,0
21142,C2440,VESTUARIO,2019-12-30,0
21423,C1280,VESTUARIO,2019-12-30,0
22617,C1853,VESTUARIO,2019-12-30,0
22869,C2236,VESTUARIO,2019-12-30,0
23008,C1075,MODA PRAIA,2019-12-30,0
23151,C1396,VESTUARIO,2019-12-30,0
24154,01.18.123,MODA PRAIA,2019-12-30,0
24739,C1688,LINHA NOITE,2019-12-30,0
25213,01.39.4,UNDERWARE,2019-12-30,0
25867,C44,FITNESS,2019-12-30,0
26021,C1720,VESTUARIO,2019-12-30,0
28281,01.70.33,UNDERWARE,2019-12-30,0
28619,C1735,LINHA NOITE,2019-12-30,0
28620,C1735,LINHA NOITE,2019-12-30,0
28892,02.02.48,UNDERWARE,2019-12-30,0
30130,C1826,VESTUARIO,2019-12-30,0
31067,C370,UNDERWARE,2019-12-30,0
31746,C1833,VESTUARIO,2019-12-30,0
32805,C2028,UNDERWARE,2019-12-30,0
32871,C2418,VESTUARIO,2019-12-30,0
33230,C2198,VESTUARIO,2019-12-30,0
33308,C2209,VESTUARIO,2019-12-30,0
33795,C2432,VESTUARIO,2019-12-30,0
33833,C2334,BIJU / JOIAS,2019-12-30,0
34688,C2035,BIJU / JOIAS,2019-12-30,0
34761,C1689,LINHA NOITE,2019-12-30,0
34912,C40,FITNESS,2019-12-30,0
35142,C1012,LINHA NOITE,2019-12-30,0
35207,C567,UNDERWARE,2019-12-30,0
543,01.01.16,UNDERWARE,2019-12-30,0
2410,01.03.11,UNDERWARE,2019-12-30,0
2415,01.06.14,UNDERWARE,2019-12-30,0
2714,01.03.04,UNDERWARE,2019-12-30,0
5118,01.02.22,UNDERWARE,2019-12-30,0
6903,01.70.13,UNDERWARE,2019-12-30,0
12467,01.71.15,UNDERWARE,2019-12-30,0
13895,C164,MODA PRAIA,2019-12-30,0
15069,C1805,UNDERWARE,2019-12-30,0
15735,C942,VESTUARIO,2019-12-30,0
17876,C791,VESTUARIO,2019-12-30,0
18290,C2368,VESTUARIO,2019-12-30,0
18451,C1205,UNDERWARE,2019-12-30,0
18852,C1128,VESTUARIO,2019-12-30,0
19264,C1899,UNDERWARE,2019-12-30,0
20369,C1253,VESTUARIO,2019-12-30,0
20691,C1276,VESTUARIO,2019-12-30,0
20936,C1335,UNDERWARE,2019-12-30,0
21050,C1225,LINHA NOITE,2019-12-30,0
22631,C1854,VESTUARIO,2019-12-30,0
23957,C488,LINHA NOITE,2019-12-30,0
24850,02.05.22,MODA PRAIA,2019-12-30,0
26359,C1746,LINHA NOITE,2019-12-30,0
27938,C177,MODA PRAIA,2019-12-30,0
28622,C1736,LINHA NOITE,2019-12-30,0
28677,01.70.91,UNDERWARE,2019-12-30,0
29618,C138,VESTUARIO,2019-12-30,0
29991,C1330,UNDERWARE,2019-12-30,0
30565,01.51.13,UNDERWARE,2019-12-30,0
31683,C430,LINHA NOITE,2019-12-30,0
33633,C2249,LINHA NOITE,2019-12-30,0
33961,C2125,VESTUARIO,2019-12-30,0
35068,C107,UNDERWARE,2019-12-30,0
2433,01.39.3,UNDERWARE,2019-12-30,0
4857,02.02.18,UNDERWARE,2019-12-30,0
5261,01.59.05,UNDERWARE,2019-12-30,0
5785,01.39.3,UNDERWARE,2019-12-30,0
10179,01.59.44,EROTICA,2019-12-30,0
11052,01.70.55,UNDERWARE,2019-12-30,0
11526,01.70.21,UNDERWARE,2019-12-30,0
11656,01.19.111,MODA PRAIA,2019-12-30,0
12949,01.70.48,UNDERWARE,2019-12-30,0
13128,01.70.90,UNDERWARE,2019-12-30,0
16353,C2354,VESTUARIO,2019-12-30,0
16355,C2354,VESTUARIO,2019-12-30,0
16546,C1281,VESTUARIO,2019-12-30,0
16709,C1939,VESTUARIO,2019-12-30,0
16896,C1366,VESTUARIO,2019-12-30,0
17484,C866,VESTUARIO,2019-12-30,0
17956,C907,VESTUARIO,2019-12-30,0
18022,C56,FITNESS,2019-12-30,0
18228,C2173,VESTUARIO,2019-12-30,0
18379,C913,UNDERWARE,2019-12-30,0
19534,C739,VESTUARIO,2019-12-30,0
20063,C2462,VESTUARIO,2019-12-30,0
21014,C1191,VESTUARIO,2019-12-30,0
21025,C1193,VESTUARIO,2019-12-30,0
21328,C946,MODA PRAIA,2019-12-30,0
21414,C1279,VESTUARIO,2019-12-30,0
21543,C627,VESTUARIO,2019-12-30,0
21985,C669,FITNESS,2019-12-30,0
22271,C2262,VESTUARIO,2019-12-30,0
22632,C1854,VESTUARIO,2019-12-30,0
22713,C1203,UNDERWARE,2019-12-30,0
22927,C2243,VESTUARIO,2019-12-30,0
23017,C1076,MODA PRAIA,2019-12-30,0
24467,C1680,LINHA NOITE,2019-12-30,0
24814,C1884,VESTUARIO,2019-12-30,0
25499,C418,VESTUARIO,2019-12-30,0
26693,C1713,VESTUARIO,2019-12-30,0
26744,C947,MODA PRAIA,2019-12-30,0
27168,C1670,VESTUARIO,2019-12-30,0
27431,C968,VESTUARIO,2019-12-30,0
28635,C1760,VESTUARIO,2019-12-30,0
28682,C1772,VESTUARIO,2019-12-30,0
30068,C1442,VESTUARIO,2019-12-30,0
30096,C1447,VESTUARIO,2019-12-30,0
31081,C1979,VESTUARIO,2019-12-30,0
31941,C2215,VESTUARIO,2019-12-30,0
33335,C2256,VESTUARIO,2019-12-30,0
33578,C2348,VESTUARIO,2019-12-30,0
33658,C2253,LINHA NOITE,2019-12-30,0
410,01.02.15,UNDERWARE,2019-12-30,0
1045,01.01.09,UNDERWARE,2019-12-30,0
1293,C100,UNDERWARE,2019-12-30,0
3304,01.19.121,MODA PRAIA,2019-12-30,0
5250,01.01.88,UNDERWARE,2019-12-30,0
5902,01.02.22,UNDERWARE,2019-12-30,0
6755,01.59.11,UNDERWARE,2019-12-30,0
9697,01.19.72,MODA PRAIA,2019-12-30,0
10168,01.59.43,EROTICA,2019-12-30,0
11260,01.18.124,MODA PRAIA,2019-12-30,0
13335,01.70.90,UNDERWARE,2019-12-30,0
14526,01.70.91,UNDERWARE,2019-12-30,0
14976,C1964,VESTUARIO,2019-12-30,0
16348,C2353,VESTUARIO,2019-12-30,0
16608,C1400,VESTUARIO,2019-12-30,0
16920,C1374,VESTUARIO,2019-12-30,0
16961,C1644,UNDERWARE,2019-12-30,0
17972,C909,VESTUARIO,2019-12-30,0
18385,C1265,VESTUARIO,2019-12-30,0
18492,C1123,VESTUARIO,2019-12-30,0
18844,C1127,VESTUARIO,2019-12-30,0
19166,C1410,VESTUARIO,2019-12-30,0
19368,C2456,VESTUARIO,2019-12-30,0
20128,01.20.49,MODA PRAIA,2019-12-30,0
20424,C2415,VESTUARIO,2019-12-30,0
20469,C1956,VESTUARIO,2019-12-30,0
20479,C1958,VESTUARIO,2019-12-30,0
20573,C1320,UNDERWARE,2019-12-30,0
20812,C2446,VESTUARIO,2019-12-30,0
21215,C2447,VESTUARIO,2019-12-30,0
22522,C1750,LINHA NOITE,2019-12-30,0
22553,C1756,LINHA NOITE,2019-12-30,0
22744,C1205,UNDERWARE,2019-12-30,0
23003,C1075,MODA PRAIA,2019-12-30,0
24078,C1622,VESTUARIO,2019-12-30,0
24336,01.02.78,UNDERWARE,2019-12-30,0
26684,C1711,VESTUARIO,2019-12-30,0
28652,C1760,VESTUARIO,2019-12-30,0
30341,C1451,VESTUARIO,2019-12-30,0
30371,C1142,VESTUARIO,2019-12-30,0
32995,C2312,VESTUARIO,2019-12-30,0
33116,C2226,LINHA NOITE,2019-12-30,0
33509,C2338,VESTUARIO,2019-12-30,0
33906,C2434,VESTUARIO,2019-12-30,0
33971,C2128,VESTUARIO,2019-12-30,0
34126,C2266,VESTUARIO,2019-12-30,0
34144,C2270,VESTUARIO,2019-12-30,0
34347,C2159,UNDERWARE,2019-12-30,0
34426,C1970,VESTUARIO,2019-12-30,0
35109,C730,LINHA NOITE,2019-12-30,0
35144,C1012,LINHA NOITE,2019-12-30,0
274,01.04.10,UNDERWARE,2019-12-30,0
2978,07.04.06,UNDERWARE,2019-12-30,0
4883,02.02.34,UNDERWARE,2019-12-30,0
5379,01.11.12,LINHA NOITE,2019-12-30,0
11899,C24,VESTUARIO,2019-12-30,0
12347,01.19.60,MODA PRAIA,2019-12-30,0
14123,01.70.89,UNDERWARE,2019-12-30,0
15083,C1806,UNDERWARE,2019-12-30,0
15977,C215,UNDERWARE,2019-12-30,0
16217,C159,MODA PRAIA,2019-12-30,0
16235,C1073,VESTUARIO,2019-12-30,0
16435,01.71.14,UNDERWARE,2019-12-30,0
16619,C1404,VESTUARIO,2019-12-30,0
16757,C1943,VESTUARIO,2019-12-30,0
17111,C2167,VESTUARIO,2019-12-30,0
18140,C1382,VESTUARIO,2019-12-30,0
18248,C2176,VESTUARIO,2019-12-30,0
18481,C1209,UNDERWARE,2019-12-30,0
18694,07.02.05,MODA PRAIA,2019-12-30,0
18823,C1636,VESTUARIO,2019-12-30,0
19764,C1043,VESTUARIO,2019-12-30,0
20555,C1258,UNDERWARE,2019-12-30,0
20939,C1691,VESTUARIO,2019-12-30,0
21413,C1279,VESTUARIO,2019-12-30,0
21781,C889,EROTICA,2019-12-30,0
22166,C2398,VESTUARIO,2019-12-30,0
23902,C782,LINHA NOITE,2019-12-30,0
24458,C1661,LINHA NOITE,2019-12-30,0
26041,C1743,LINHA NOITE,2019-12-30,0
27822,C959,MODA PRAIA,2019-12-30,0
27857,C318,LINHA NOITE,2019-12-30,0
28603,C1704,VESTUARIO,2019-12-30,0
29417,C596,VESTUARIO,2019-12-30,0
30004,C1340,VESTUARIO,2019-12-30,0
30077,C1443,VESTUARIO,2019-12-30,0
30571,01.60.06,UNDERWARE,2019-12-30,0
32191,C1982,UNDERWARE,2019-12-30,0
32217,C2134,VESTUARIO,2019-12-30,0
32302,C2233,UNDERWARE,2019-12-30,0
33264,C2204,VESTUARIO,2019-12-30,0
33517,C2337,VESTUARIO,2019-12-30,0
33548,C2340,VESTUARIO,2019-12-30,0
33771,C2123,VESTUARIO,2019-12-30,0
33815,C2433,VESTUARIO,2019-12-30,0
34024,C2303,UNDERWARE,2019-12-30,0
34039,C2304,UNDERWARE,2019-12-30,0
34062,C1909,UNDERWARE,2019-12-30,0
34125,C2266,VESTUARIO,2019-12-30,0
34176,C2273,VESTUARIO,2019-12-30,0
1577,00.00.68,UNDERWARE,2019-12-30,0
2065,01.04.22,UNDERWARE,2019-12-30,0
4255,01.01.25,UNDERWARE,2019-12-30,0
5838,01.70.03,UNDERWARE,2019-12-30,0
6130,02.02.07,UNDERWARE,2019-12-30,0
6758,01.70.04,UNDERWARE,2019-12-30,0
7886,01.70.17,UNDERWARE,2019-12-30,0
8017,C62,VESTUARIO,2019-12-30,0
11609,01.19.72,MODA PRAIA,2019-12-30,0
13990,C182,MODA PRAIA,2019-12-30,0
14000,C182,MODA PRAIA,2019-12-30,0
14009,C183,MODA PRAIA,2019-12-30,0
15761,C762,VESTUARIO,2019-12-30,0
15966,C214,UNDERWARE,2019-12-30,0
17252,C864,VESTUARIO,2019-12-30,0
17991,C40,FITNESS,2019-12-30,0
18072,C752,UNDERWARE,2019-12-30,0
18112,C1378,VESTUARIO,2019-12-30,0
18414,C1269,VESTUARIO,2019-12-30,0
18588,C2413,VESTUARIO,2019-12-30,0
19374,C2458,VESTUARIO,2019-12-30,0
19766,C1044,VESTUARIO,2019-12-30,0
19902,C726,LINHA NOITE,2019-12-30,0
20591,C1322,UNDERWARE,2019-12-30,0
20635,C1349,VESTUARIO,2019-12-30,0
20816,C2446,VESTUARIO,2019-12-30,0
20883,C2188,LINHA NOITE,2019-12-30,0
21210,C2447,VESTUARIO,2019-12-30,0
21339,C948,MODA PRAIA,2019-12-30,0
21949,C1017,MODA PRAIA,2019-12-30,0
22045,C1260,UNDERWARE,2019-12-30,0
22901,C2239,VESTUARIO,2019-12-30,0
23506,C923,VESTUARIO,2019-12-30,0
23594,C928,VESTUARIO,2019-12-30,0
24541,01.03.06,UNDERWARE,2019-12-30,0
24749,C1732,LINHA NOITE,2019-12-30,0
25523,C386,VESTUARIO,2019-12-30,0
25976,01.01.83,UNDERWARE,2019-12-30,0
27416,C468,VESTUARIO,2019-12-30,0
28023,C199,UNDERWARE,2019-12-30,0
28569,01.44.9,VESTUARIO,2019-12-30,0
28893,02.02.48,UNDERWARE,2019-12-30,0
30323,C289,UNDERWARE,2019-12-30,0
30466,C199,UNDERWARE,2019-12-30,0
30669,C283,UNDERWARE,2019-12-30,0
30677,C1729,UNDERWARE,2019-12-30,0
30732,C1817,VESTUARIO,2019-12-30,0
30744,C1817,VESTUARIO,2019-12-30,0
33376,C2280,LINHA NOITE,2019-12-30,0
33496,C2335,VESTUARIO,2019-12-30,0
33748,C2386,VESTUARIO,2019-12-30,0
33798,C2432,VESTUARIO,2019-12-30,0
33980,C2129,VESTUARIO,2019-12-30,0
33993,C2301,UNDERWARE,2019-12-30,0
34796,C1427,LINHA NOITE,2019-12-30,0
34849,C1738,LINHA NOITE,2019-12-30,0
1025,01.03.06,UNDERWARE,2019-12-30,0
8219,01.28.72,ACESSORIOS,2019-12-30,0
11232,01.19.113,MODA PRAIA,2019-12-30,0
14020,C185,MODA PRAIA,2019-12-30,0
14825,C1333,UNDERWARE,2019-12-30,0
14982,C1965,VESTUARIO,2019-12-30,0
15763,C762,VESTUARIO,2019-12-30,0
16063,C954,MODA PRAIA,2019-12-30,0
16464,C816,UNDERWARE,2019-12-30,0
16823,C1841,VESTUARIO,2019-12-30,0
18776,C1259,UNDERWARE,2019-12-30,0
19130,C1136,VESTUARIO,2019-12-30,0
19234,C1892,VESTUARIO,2019-12-30,0
19304,C1955,VESTUARIO,2019-12-30,0
19668,C693,VESTUARIO,2019-12-30,0
20136,C1020,MODA PRAIA,2019-12-30,0
20204,01.01.07,UNDERWARE,2019-12-30,0
22718,C1203,UNDERWARE,2019-12-30,0
22889,C2238,VESTUARIO,2019-12-30,0
24733,C1686,LINHA NOITE,2019-12-30,0
24894,01.15.132,VESTUARIO,2019-12-30,0
25806,C546,UNDERWARE,2019-12-30,0
26440,C839,UNDERWARE,2019-12-30,0
29268,C577,VESTUARIO,2019-12-30,0
29668,C608,VESTUARIO,2019-12-30,0
29716,C517,VESTUARIO,2019-12-30,0
30560,01.03.15,UNDERWARE,2019-12-30,0
32816,C2029,UNDERWARE,2019-12-30,0
33214,C2194,VESTUARIO,2019-12-30,0
33549,C2340,VESTUARIO,2019-12-30,0
33576,C2348,VESTUARIO,2019-12-30,0
33590,C2350,VESTUARIO,2019-12-30,0
34845,C1107,VESTUARIO,2019-12-30,0
35130,C748,LINHA NOITE,2019-12-30,0
533,01.02.14,UNDERWARE,2019-12-30,0
661,01.02.53,UNDERWARE,2019-12-30,0
2685,01.18.61,MODA PRAIA,2019-12-30,0
7519,01.70.16,UNDERWARE,2019-12-30,0
12603,01.71.01,UNDERWARE,2019-12-30,0
14530,00.00.77,VESTUARIO,2019-12-30,0
14812,C1236,LINHA NOITE,2019-12-30,0
15137,C1780,VESTUARIO,2019-12-30,0
15282,C1728,UNDERWARE,2019-12-30,0
16376,C2355,VESTUARIO,2019-12-30,0
16595,C1339,LINHA NOITE,2019-12-30,0
17130,C2170,VESTUARIO,2019-12-30,0
17136,C2171,VESTUARIO,2019-12-30,0
18020,C56,FITNESS,2019-12-30,0
18764,C1259,UNDERWARE,2019-12-30,0
18979,C1951,VESTUARIO,2019-12-30,0
19001,C1953,VESTUARIO,2019-12-30,0
19098,C1383,VESTUARIO,2019-12-30,0
19508,C703,VESTUARIO,2019-12-30,0
20545,C1258,UNDERWARE,2019-12-30,0
20943,C1692,VESTUARIO,2019-12-30,0
21023,C1193,VESTUARIO,2019-12-30,0
23172,C1398,VESTUARIO,2019-12-30,0
24545,02.02.18,UNDERWARE,2019-12-30,0
26353,C1773,VESTUARIO,2019-12-30,0
26784,01.19.118,MODA PRAIA,2019-12-30,0
27067,C1164,LINHA NOITE,2019-12-30,0
27823,C960,MODA PRAIA,2019-12-30,0
29025,C1204,UNDERWARE,2019-12-30,0
29093,C1706,VESTUARIO,2019-12-30,0
30573,01.60.06,UNDERWARE,2019-12-30,0
31938,C2215,VESTUARIO,2019-12-30,0
33226,C2197,VESTUARIO,2019-12-30,0
33558,C2341,VESTUARIO,2019-12-30,0
33751,C2386,VESTUARIO,2019-12-30,0
34804,C1434,LINHA NOITE,2019-12-30,0
309,01.01.22,UNDERWARE,2019-12-30,0
1069,01.01.13,UNDERWARE,2019-12-30,0
3106,C198,UNDERWARE,2019-12-30,0
6724,01.01.80,UNDERWARE,2019-12-30,0
6906,01.70.14,UNDERWARE,2019-12-30,0
7474,02.02.48,UNDERWARE,2019-12-30,0
8157,01.19.95,MODA PRAIA,2019-12-30,0
8956,01.70.14,UNDERWARE,2019-12-30,0
9378,01.70.29,UNDERWARE,2019-12-30,0
10173,01.59.43,EROTICA,2019-12-30,0
13963,C213,UNDERWARE,2019-12-30,0
14045,C56,FITNESS,2019-12-30,0
16179,C1028,MODA PRAIA,2019-12-30,0
16291,C838,UNDERWARE,2019-12-30,0
16459,C816,UNDERWARE,2019-12-30,0
16765,C1943,VESTUARIO,2019-12-30,0
17112,C2167,VESTUARIO,2019-12-30,0
19719,C792,VESTUARIO,2019-12-30,0
20047,C887,EROTICA,2019-12-30,0
20067,C2463,VESTUARIO,2019-12-30,0
20313,C1215,LINHA NOITE,2019-12-30,0
20776,C1921,VESTUARIO,2019-12-30,0
21195,C2429,VESTUARIO,2019-12-30,0
21434,C1283,VESTUARIO,2019-12-30,0
21770,C887,EROTICA,2019-12-30,0
21812,C56,FITNESS,2019-12-30,0
22541,C1754,LINHA NOITE,2019-12-30,0
23073,C1819,VESTUARIO,2019-12-30,0
23493,C922,VESTUARIO,2019-12-30,0
26451,01.51.14,VESTUARIO,2019-12-30,0
26854,01.70.13,UNDERWARE,2019-12-30,0
27348,01.44.9,VESTUARIO,2019-12-30,0
28594,C1703,VESTUARIO,2019-12-30,0
28823,01.80.06,VESTUARIO,2019-12-30,0
30057,C1441,VESTUARIO,2019-12-30,0
30059,C1441,VESTUARIO,2019-12-30,0
30473,C199,UNDERWARE,2019-12-30,0
30650,01.01.85,UNDERWARE,2019-12-30,0
30673,C1728,UNDERWARE,2019-12-30,0
31949,C2218,VESTUARIO,2019-12-30,0
32999,C2313,VESTUARIO,2019-12-30,0
33006,C2314,VESTUARIO,2019-12-30,0
33020,C2318,VESTUARIO,2019-12-30,0
34435,C1972,VESTUARIO,2019-12-30,0
34940,C56,FITNESS,2019-12-30,0
35084,C878,VESTUARIO,2019-12-30,0
3249,01.70.95,UNDERWARE,2019-12-30,0
3802,07.02.04,MODA PRAIA,2019-12-30,0
6072,01.01.25,UNDERWARE,2019-12-30,0
6301,01.02.15,UNDERWARE,2019-12-30,0
6622,01.70.33,UNDERWARE,2019-12-30,0
8908,01.70.05,UNDERWARE,2019-12-30,0
8957,01.70.14,UNDERWARE,2019-12-30,0
9050,02.02.48,UNDERWARE,2019-12-30,0
9401,01.71.01,UNDERWARE,2019-12-30,0
9402,01.71.01,UNDERWARE,2019-12-30,0
11060,01.70.58,UNDERWARE,2019-12-30,0
11919,C26,VESTUARIO,2019-12-30,0
14659,01.70.86,UNDERWARE,2019-12-30,0
14875,C1052,VESTUARIO,2019-12-30,0
15848,C807,VESTUARIO,2019-12-30,0
16164,C1032,MODA PRAIA,2019-12-30,0
16814,C1420,UNDERWARE,2019-12-30,0
17049,C1945,VESTUARIO,2019-12-30,0
17089,C2165,VESTUARIO,2019-12-30,0
17118,C2168,VESTUARIO,2019-12-30,0
17206,C861,VESTUARIO,2019-12-30,0
17347,C676,VESTUARIO,2019-12-30,0
18089,C665,UNDERWARE,2019-12-30,0
19007,C1953,VESTUARIO,2019-12-30,0
19033,01.18.105,MODA PRAIA,2019-12-30,0
19816,C717,LINHA NOITE,2019-12-30,0
20084,C2465,VESTUARIO,2019-12-30,0
20468,C1956,VESTUARIO,2019-12-30,0
20718,C1435,VESTUARIO,2019-12-30,0
20950,C1693,VESTUARIO,2019-12-30,0
20980,C1428,UNDERWARE,2019-12-30,0
21136,C2439,VESTUARIO,2019-12-30,0
21917,C836,LINHA NOITE,2019-12-30,0
22647,C1081,UNDERWARE,2019-12-30,0
22875,C2237,VESTUARIO,2019-12-30,0
22981,C1863,VESTUARIO,2019-12-30,0
23009,C1075,MODA PRAIA,2019-12-30,0
24097,C1624,VESTUARIO,2019-12-30,0
24732,C1686,LINHA NOITE,2019-12-30,0
25758,C90,UNDERWARE,2019-12-30,0
28643,C1760,VESTUARIO,2019-12-30,0
28644,C1760,VESTUARIO,2019-12-30,0
28931,01.44.9,VESTUARIO,2019-12-30,0
28970,C1303,VESTUARIO,2019-12-30,0
29385,C855,VESTUARIO,2019-12-30,0
29395,C857,VESTUARIO,2019-12-30,0
29992,C1330,UNDERWARE,2019-12-30,0
30056,C1441,VESTUARIO,2019-12-30,0
30239,01.03.14,UNDERWARE,2019-12-30,0
31535,C477,VESTUARIO,2019-12-30,0
31586,C955,MODA PRAIA,2019-12-30,0
32087,C2364,UNDERWARE,2019-12-30,0
32093,C2364,UNDERWARE,2019-12-30,0
34173,C2273,VESTUARIO,2019-12-30,0
34315,C2285,UNDERWARE,2019-12-30,0
34464,C1977,VESTUARIO,2019-12-30,0
1587,01.02.75,UNDERWARE,2019-12-30,0
3103,C198,UNDERWARE,2019-12-30,0
3685,02.02.16,UNDERWARE,2019-12-30,0
6580,02.02.29,UNDERWARE,2019-12-30,0
10170,01.59.43,EROTICA,2019-12-30,0
11442,01.19.61,MODA PRAIA,2019-12-30,0
13069,01.19.120,MODA PRAIA,2019-12-30,0
14627,01.01.105,UNDERWARE,2019-12-30,0
15156,C1782,VESTUARIO,2019-12-30,0
16090,C195,MODA PRAIA,2019-12-30,0
16111,C192,MODA PRAIA,2019-12-30,0
16369,C2355,VESTUARIO,2019-12-30,0
16973,C1647,UNDERWARE,2019-12-30,0
18493,C1123,VESTUARIO,2019-12-30,0
18753,00.00.68,UNDERWARE,2019-12-30,0
19078,C1699,VESTUARIO,2019-12-30,0
19201,C1724,UNDERWARE,2019-12-30,0
19577,C671,VESTUARIO,2019-12-30,0
20203,01.02.78,UNDERWARE,2019-12-30,0
20528,01.19.72,MODA PRAIA,2019-12-30,0
20789,C1923,VESTUARIO,2019-12-30,0
21291,C2390,VESTUARIO,2019-12-30,0
21609,C800,VESTUARIO,2019-12-30,0
21973,C669,FITNESS,2019-12-30,0
22640,C1080,UNDERWARE,2019-12-30,0
22954,C1806,UNDERWARE,2019-12-30,0
27089,C1638,VESTUARIO,2019-12-30,0
27418,C468,VESTUARIO,2019-12-30,0
28848,01.70.68,UNDERWARE,2019-12-30,0
28945,C1197,UNDERWARE,2019-12-30,0
29089,C1705,VESTUARIO,2019-12-30,0
30727,C1816,VESTUARIO,2019-12-30,0
33289,C2206,VESTUARIO,2019-12-30,0
33809,C2433,VESTUARIO,2019-12-30,0
33959,C2125,VESTUARIO,2019-12-30,0
34166,C2272,VESTUARIO,2019-12-30,0
34193,C2001,LINHA NOITE,2019-12-30,0
34827,C1088,VESTUARIO,2019-12-30,0
518,01.04.04,UNDERWARE,2019-12-30,0
2089,02.02.16,UNDERWARE,2019-12-30,0
3220,01.01.40,UNDERWARE,2019-12-30,0
5787,01.39.4,UNDERWARE,2019-12-30,0
10976,01.19.99,MODA PRAIA,2019-12-30,0
11924,C26,VESTUARIO,2019-12-30,0
12156,01.70.33,UNDERWARE,2019-12-30,0
13126,01.70.90,UNDERWARE,2019-12-30,0
15055,C1804,UNDERWARE,2019-12-30,0
15150,C1782,VESTUARIO,2019-12-30,0
15702,C940,VESTUARIO,2019-12-30,0
16377,C2355,VESTUARIO,2019-12-30,0
16811,C1420,UNDERWARE,2019-12-30,0
17385,C681,VESTUARIO,2019-12-30,0
18077,C754,UNDERWARE,2019-12-30,0
18349,C2376,VESTUARIO,2019-12-30,0
18966,C1950,VESTUARIO,2019-12-30,0
18999,C1952,VESTUARIO,2019-12-30,0
19701,C696,VESTUARIO,2019-12-30,0
20586,C1259,UNDERWARE,2019-12-30,0
21097,C1924,FITNESS,2019-12-30,0
21205,C2447,VESTUARIO,2019-12-30,0
21373,C963,FITNESS,2019-12-30,0
21863,C993,MODA PRAIA,2019-12-30,0
21875,C1030,MODA PRAIA,2019-12-30,0
22628,C1854,VESTUARIO,2019-12-30,0
24592,01.55.30,LINHA NOITE,2019-12-30,0
24755,C1733,LINHA NOITE,2019-12-30,0
25050,C1299,VESTUARIO,2019-12-30,0
27633,C554,VESTUARIO,2019-12-30,0
28672,C1761,VESTUARIO,2019-12-30,0
30103,C1448,VESTUARIO,2019-12-30,0
31218,C2425,UNDERWARE,2019-12-30,0
33199,C2193,VESTUARIO,2019-12-30,0
33764,C2123,VESTUARIO,2019-12-30,0
34409,C1967,VESTUARIO,2019-12-30,0
1653,01.01.21,UNDERWARE,2019-12-30,0
2423,01.16.25,UNDERWARE,2019-12-30,0
6127,02.02.07,UNDERWARE,2019-12-30,0
7568,01.20.46,MODA PRAIA,2019-12-30,0
10057,01.09.04,EROTICA,2019-12-30,0
10821,01.09.04,EROTICA,2019-12-30,0
12803,C186,MODA PRAIA,2019-12-30,0
14454,01.71.14,UNDERWARE,2019-12-30,0
15014,C1920,VESTUARIO,2019-12-30,0
15094,C1807,UNDERWARE,2019-12-30,0
16133,01.19.72,MODA PRAIA,2019-12-30,0
16163,C167,MODA PRAIA,2019-12-30,0
16610,C1401,VESTUARIO,2019-12-30,0
16633,01.19.112,MODA PRAIA,2019-12-30,0
16736,C1941,VESTUARIO,2019-12-30,0
17088,C2164,VESTUARIO,2019-12-30,0
17276,C904,VESTUARIO,2019-12-30,0
18124,C1380,VESTUARIO,2019-12-30,0
18901,C1036,VESTUARIO,2019-12-30,0
19016,C1954,VESTUARIO,2019-12-30,0
19863,C665,UNDERWARE,2019-12-30,0
19991,C40,FITNESS,2019-12-30,0
20501,C525,MODA PRAIA,2019-12-30,0
20877,C2187,LINHA NOITE,2019-12-30,0
20987,C1429,UNDERWARE,2019-12-30,0
21068,C1229,LINHA NOITE,2019-12-30,0
21771,C887,EROTICA,2019-12-30,0
22601,C1852,VESTUARIO,2019-12-30,0
23004,C1075,MODA PRAIA,2019-12-30,0
23026,C1077,MODA PRAIA,2019-12-30,0
24784,C1872,VESTUARIO,2019-12-30,0
25003,C1262,VESTUARIO,2019-12-30,0
28650,C1760,VESTUARIO,2019-12-30,0
28783,01.01.94,UNDERWARE,2019-12-30,0
28961,C1302,VESTUARIO,2019-12-30,0
31054,C369,UNDERWARE,2019-12-30,0
31761,C1835,VESTUARIO,2019-12-30,0
31903,C2297,LINHA NOITE,2019-12-30,0
32274,C2231,UNDERWARE,2019-12-30,0
32301,C2233,UNDERWARE,2019-12-30,0
33205,C2193,VESTUARIO,2019-12-30,0
33731,C2383,VESTUARIO,2019-12-30,0
34189,C2000,LINHA NOITE,2019-12-30,0
34325,C2287,UNDERWARE,2019-12-30,0
34417,C1969,VESTUARIO,2019-12-30,0
93,01.04.10,UNDERWARE,2019-12-30,0
2383,01.01.87,UNDERWARE,2019-12-30,0
2454,01.01.25,UNDERWARE,2019-12-30,0
3027,01.01.25,UNDERWARE,2019-12-30,0
10127,01.29.31,UNDERWARE,2019-12-30,0
10335,01.59.19,UNDERWARE,2019-12-30,0
11057,01.70.57,UNDERWARE,2019-12-30,0
11660,01.19.60,MODA PRAIA,2019-12-30,0
14633,01.01.105,UNDERWARE,2019-12-30,0
14636,01.70.84,UNDERWARE,2019-12-30,0
15239,C1771,UNDERWARE,2019-12-30,0
15457,01.70.33,UNDERWARE,2019-12-30,0
16112,01.18.131,MODA PRAIA,2019-12-30,0
16216,C159,MODA PRAIA,2019-12-30,0
16429,01.71.01,UNDERWARE,2019-12-30,0
17159,01.02.53,UNDERWARE,2019-12-30,0
17567,C980,VESTUARIO,2019-12-30,0
18310,C2371,VESTUARIO,2019-12-30,0
18842,C1127,VESTUARIO,2019-12-30,0
19034,01.18.105,MODA PRAIA,2019-12-30,0
20009,C45,FITNESS,2019-12-30,0
20639,C1349,VESTUARIO,2019-12-30,0
21317,C191,MODA PRAIA,2019-12-30,0
22594,C1850,VESTUARIO,2019-12-30,0
22739,C1204,UNDERWARE,2019-12-30,0
22992,C1865,VESTUARIO,2019-12-30,0
24337,01.02.78,UNDERWARE,2019-12-30,0
26048,C1744,LINHA NOITE,2019-12-30,0
26437,C1836,VESTUARIO,2019-12-30,0
29366,C585,VESTUARIO,2019-12-30,0
29583,C846,VESTUARIO,2019-12-30,0
29980,01.06.06,UNDERWARE,2019-12-30,0
30145,C1829,VESTUARIO,2019-12-30,0
30714,C1814,VESTUARIO,2019-12-30,0
31158,C1992,MODA PRAIA,2019-12-30,0
31159,C1992,MODA PRAIA,2019-12-30,0
33184,C2190,VESTUARIO,2019-12-30,0
33987,C2130,VESTUARIO,2019-12-30,0
34055,C2306,UNDERWARE,2019-12-30,0
34074,C2308,UNDERWARE,2019-12-30,0
34861,C1740,LINHA NOITE,2019-12-30,0
35163,C983,LINHA NOITE,2019-12-30,0
4620,01.19.117,MODA PRAIA,2019-12-30,0
5142,01.01.07,UNDERWARE,2019-12-30,0
6358,01.59.14,UNDERWARE,2019-12-30,0
6717,01.04.13,UNDERWARE,2019-12-30,0
8747,01.59.15,UNDERWARE,2019-12-30,0
8954,01.70.13,UNDERWARE,2019-12-30,0
10172,01.59.43,EROTICA,2019-12-30,0
10610,02.02.45,UNDERWARE,2019-12-30,0
11762,01.18.112,MODA PRAIA,2019-12-30,0
11865,02.05.19,MODA PRAIA,2019-12-30,0
12528,07.02.06,MODA PRAIA,2019-12-30,0
14959,C1960,VESTUARIO,2019-12-30,0
15846,C807,VESTUARIO,2019-12-30,0
17324,C651,VESTUARIO,2019-12-30,0
17334,C673,VESTUARIO,2019-12-30,0
18707,C1846,VESTUARIO,2019-12-30,0
19322,C2156,MODA PRAIA,2019-12-30,0
19632,C1040,VESTUARIO,2019-12-30,0
19645,C1042,VESTUARIO,2019-12-30,0
20151,01.18.131,MODA PRAIA,2019-12-30,0
20347,C1251,VESTUARIO,2019-12-30,0
20934,C1335,UNDERWARE,2019-12-30,0
21064,C1228,LINHA NOITE,2019-12-30,0
21996,C949,MODA PRAIA,2019-12-30,0
22518,C1749,LINHA NOITE,2019-12-30,0
22734,C1204,UNDERWARE,2019-12-30,0
23034,C1077,MODA PRAIA,2019-12-30,0
24109,C1625,VESTUARIO,2019-12-30,0
24546,02.02.18,UNDERWARE,2019-12-30,0
25948,C49,FITNESS,2019-12-30,0
27322,01.70.33,UNDERWARE,2019-12-30,0
28964,C1303,VESTUARIO,2019-12-30,0
29811,C581,VESTUARIO,2019-12-30,0
30308,C286,UNDERWARE,2019-12-30,0
30648,01.01.85,UNDERWARE,2019-12-30,0
30702,C1794,VESTUARIO,2019-12-30,0
32639,C2010,EROTICA,2019-12-30,0
33528,C2337,VESTUARIO,2019-12-30,0
34031,C2303,UNDERWARE,2019-12-30,0
34320,C2286,UNDERWARE,2019-12-30,0
34373,C2211,VESTUARIO,2019-12-30,0
34414,C1968,VESTUARIO,2019-12-30,0
2134,01.09.04,EROTICA,2019-12-30,0
2337,01.01.12,UNDERWARE,2019-12-30,0
6726,01.01.80,UNDERWARE,2019-12-30,0
8948,01.70.07,UNDERWARE,2019-12-30,0
11655,01.19.111,MODA PRAIA,2019-12-30,0
11848,01.19.72,MODA PRAIA,2019-12-30,0
12802,C186,MODA PRAIA,2019-12-30,0
13534,C30,VESTUARIO,2019-12-30,0
14457,01.71.14,UNDERWARE,2019-12-30,0
15159,C1782,VESTUARIO,2019-12-30,0
16213,C159,MODA PRAIA,2019-12-30,0
16214,C159,MODA PRAIA,2019-12-30,0
16589,C1201,UNDERWARE,2019-12-30,0
16606,C1400,VESTUARIO,2019-12-30,0
16974,C1648,UNDERWARE,2019-12-30,0
18847,C1127,VESTUARIO,2019-12-30,0
18895,C1036,VESTUARIO,2019-12-30,0
19982,C667,FITNESS,2019-12-30,0
20218,C1179,VESTUARIO,2019-12-30,0
20283,C1909,UNDERWARE,2019-12-30,0
20346,C1251,VESTUARIO,2019-12-30,0
20557,C1258,UNDERWARE,2019-12-30,0
20963,C1695,VESTUARIO,2019-12-30,0
20997,C1866,UNDERWARE,2019-12-30,0
22042,C2022,BIJU / JOIAS,2019-12-30,0
22521,C1750,LINHA NOITE,2019-12-30,0
22534,C1752,LINHA NOITE,2019-12-30,0
22582,01.19.110,MODA PRAIA,2019-12-30,0
22598,C1852,VESTUARIO,2019-12-30,0
23061,C370,UNDERWARE,2019-12-30,0
23798,C408,VESTUARIO,2019-12-30,0
24021,C1190,VESTUARIO,2019-12-30,0
24779,C1872,VESTUARIO,2019-12-30,0
28481,01.02.77,UNDERWARE,2019-12-30,0
28626,C1737,LINHA NOITE,2019-12-30,0
28656,C1761,VESTUARIO,2019-12-30,0
29055,C1678,LINHA NOITE,2019-12-30,0
29382,C855,VESTUARIO,2019-12-30,0
29584,C846,VESTUARIO,2019-12-30,0
29813,C582,VESTUARIO,2019-12-30,0
30069,C1442,VESTUARIO,2019-12-30,0
30128,C1826,VESTUARIO,2019-12-30,0
31076,C1979,VESTUARIO,2019-12-30,0
31084,C1979,VESTUARIO,2019-12-30,0
32201,C1984,UNDERWARE,2019-12-30,0
32280,C2231,UNDERWARE,2019-12-30,0
32780,C2011,LINHA NOITE,2019-12-30,0
33235,C2198,VESTUARIO,2019-12-30,0
33823,C2324,BIJU / JOIAS,2019-12-30,0
34362,C2162,UNDERWARE,2019-12-30,0
3987,C9,VESTUARIO,2019-12-30,0
10198,01.59.48,EROTICA,2019-12-30,0
11088,01.70.70,UNDERWARE,2019-12-30,0
11434,01.19.60,MODA PRAIA,2019-12-30,0
14486,01.01.103,UNDERWARE,2019-12-30,0
14828,C1334,UNDERWARE,2019-12-30,0
16330,C2116,MODA PRAIA,2019-12-30,0
16525,01.71.01,UNDERWARE,2019-12-30,0
17145,C2172,VESTUARIO,2019-12-30,0
17380,C681,VESTUARIO,2019-12-30,0
17502,C868,VESTUARIO,2019-12-30,0
18011,C40,FITNESS,2019-12-30,0
18309,C2371,VESTUARIO,2019-12-30,0
18359,C161,MODA PRAIA,2019-12-30,0
18473,C1207,UNDERWARE,2019-12-30,0
19544,C772,VESTUARIO,2019-12-30,0
19583,C1033,VESTUARIO,2019-12-30,0
20039,C884,EROTICA,2019-12-30,0
20361,C1273,FITNESS,2019-12-30,0
20478,C1958,VESTUARIO,2019-12-30,0
20779,C1922,VESTUARIO,2019-12-30,0
20953,C1693,VESTUARIO,2019-12-30,0
21419,C1280,VESTUARIO,2019-12-30,0
22961,C1858,VESTUARIO,2019-12-30,0
22988,C1865,VESTUARIO,2019-12-30,0
23082,C1773,VESTUARIO,2019-12-30,0
23128,C1392,VESTUARIO,2019-12-30,0
23612,C934,VESTUARIO,2019-12-30,0
23812,C445,VESTUARIO,2019-12-30,0
23976,C317,LINHA NOITE,2019-12-30,0
24504,01.30.31,UNDERWARE,2019-12-30,0
24798,01.01.73,UNDERWARE,2019-12-30,0
25027,01.70.60,UNDERWARE,2019-12-30,0
25271,01.01.23,UNDERWARE,2019-12-30,0
27133,C1663,VESTUARIO,2019-12-30,0
28659,C1761,VESTUARIO,2019-12-30,0
28972,C1303,VESTUARIO,2019-12-30,0
31143,C1988,MODA PRAIA,2019-12-30,0
31506,C906,VESTUARIO,2019-12-30,0
32813,C2029,UNDERWARE,2019-12-30,0
33552,C2341,VESTUARIO,2019-12-30,0
33579,C2349,VESTUARIO,2019-12-30,0
33631,C2249,LINHA NOITE,2019-12-30,0
33727,C2382,VESTUARIO,2019-12-30,0
33738,C2385,VESTUARIO,2019-12-30,0
34010,C2302,UNDERWARE,2019-12-30,0
34507,C2145,LINHA NOITE,2019-12-30,0
34998,C38,FITNESS,2019-12-30,0
35196,C896,VESTUARIO,2019-12-30,0
